{"cur_lr": 0.00010000000000000003, "_timestamp": 1678599891.7756824, "_runtime": 120.15732455253601, "_step": 10, "policy_loss": -0.006951711806671127, "value_loss": 4.781930442316376, "entropy_loss": 1.8287189849044965, "adv_max": 1.6704593328030213, "adv_mean": 5.895676820174507e-09, "approx_kl": 0.005069196849818463, "clipfrac": 0.057676630434782605, "value_max": 0.40170730336356664, "value_mean": -0.08156897273299325, "reward": 0.06240813036887266, "train iter": 460, "env step": 3003, "_wandb": {"runtime": 117}}